{
  "IsEncrypted": false,
  "Values": {
    "AzureWebJobsStorage": "UseDevelopmentStorage=true",
    "FUNCTIONS_WORKER_RUNTIME": "dotnet",
    "sql_conection": "Server=tcp:microservicesclaro.database.windows.net,1433;Initial Catalog=db_microservices;Persist Security Info=False;User ID=adminclaro;Password=Claro2019*;MultipleActiveResultSets=False;Encrypt=True;TrustServerCertificate=False;Connection Timeout=30;"
    //"sql_conection": "Server=tcp:dbdesarrollocomputec.database.windows.net,1433;Initial Catalog=db_test_brr;Persist Security Info=False;User ID=admindba;Password=C0mputec2019**;MultipleActiveResultSets=False;Encrypt=True;TrustServerCertificate=False;Connection Timeout=30;"
  }
}